<?xml version="1.0"?>


<beans xmlns="http://www.springframework.org/schema/beans"
	xmlns:context="http://www.springframework.org/schema/context"
	xmlns:xsi="http://www.w3.org/2001/XMLSchema-instance"
	xsi:schemaLocation="http://www.springframework.org/schema/beans
		http://www.springframework.org/schema/beans/spring-beans.xsd
		http://www.springframework.org/schema/context
		http://www.springframework.org/schema/context/spring-context.xsd">


	<bean name="jdbc_1"
		class="com.slk.training.dao.ProductDaoJdbcImpl">
		<!-- this bean depends on the driver,url,password,username we can ask the 
			spring to inject these values using constructor -->

		<!-- property injection -->
		<property name="driver" value="org.h2.Driver"></property>
		<property name="url"
			value="jdbc:h2:tcp://localhost/~/slk_training_2018_12"></property>
		<property name="password" value=""></property>
		<property name="user" value="sa"></property>
	</bean>

	<bean name="jdbc-2"
		class="com.slk.training.dao.ProductDaoJdbcImpl">
		<!-- constructor injection -->
		<constructor-arg value="org.h2.Driver"></constructor-arg>
		<constructor-arg
			value="jdbc:h2:tcp://localhost/~/slk_training_2018_12"></constructor-arg>
		<constructor-arg value="sa"></constructor-arg>
		<constructor-arg value=""></constructor-arg>
	</bean>

	<bean name="jdbc_3"
		class="com.slk.training.dao.ProductDaoJdbcImpl">
		<property name="jdbcInfo">
			<array>
				<value>org.h2.Driver</value>
				<value>jdbc:h2:tcp://localhost/~/slk_training_2018_12</value>
				<value>sa</value>
				<value></value>
			</array>
		</property>
	</bean>
	<bean name="jdbc-4"
		class="com.slk.training.dao.ProductDaoJdbcImpl">
		<!-- inject a map using property injection -->
		<property name="jdbcMap">
			<map>
				<entry key="jdbc.driver" value="org.h2.Driver" />
				<entry key="jdbc.url"
					value="jdbc:h2:tcp://localhost/~/slk_training_2018_12" />
				<entry key="jdbc.user" value="sa" />
				<entry key="jdbc.password" value="" />
			</map>

		</property>
	</bean>


	<!-- constructor injector using aanonymous object a bean with no argument -->

	<bean name="jdbc_5"
		class="org.apache.commons.dbcp2.BasicDataSource">

		<property name="driverClassName" value="org.h2.Driver" />
		<property name="url"
			value="jdbc:h2:tcp://localhost/~/slk_training_2018_12" />
		<property name="username" value="sa" />
		<property name="password" value="" />


	</bean>



	<bean name="jdbc" class="com.slk.training.dao.ProductDaoJdbcImpl">
		<property name="dataSource">

			<bean class="org.apache.commons.dbcp2.BasicDataSource">

				<property name="driverClassName" value="org.h2.Driver" />
				<property name="url"
					value="jdbc:h2:tcp://localhost/~/slk_training_2018_12" />
				<property name="username" value="sa" />
				<property name="password" value="" />


			</bean>

		</property>

	</bean>

	<bean name="csv" class="com.slk.training.dao.ProductDaoCsvImpl">
	</bean>

</beans>
