<?xml version="1.0"?>


<beans xmlns="http://www.springframework.org/schema/beans"
	xmlns:context="http://www.springframework.org/schema/context"
	xmlns:xsi="http://www.w3.org/2001/XMLSchema-instance"
	xsi:schemaLocation="http://www.springframework.org/schema/beans
		http://www.springframework.org/schema/beans/spring-beans.xsd
		http://www.springframework.org/schema/context
		http://www.springframework.org/schema/context/spring-context.xsd">
		
		
		
		<!-- constructor injector using aanonymous object a bean with no argument -->
		
			<bean name="dbcp" class="org.apache.commons.dbcp2.BasicDataSource">

				<property name="driverClassName" value="org.h2.Driver" />
				<property name="url"
					value="jdbc:h2:tcp://localhost/~/slk_training_2018_12" />
				<property name="username" value="sa" />
				<property name="password" value="" />


			</bean>


		<bean name="jdbc_1" class="com.slk.training.dao.ProductDaoJdbcImpl" lazy-init="true">	
	<constructor-arg ref="dbcp"></constructor-arg>
		
		</bean>
		
		<bean name="jdbc"  autowire="byName"  class="com.slk.training.dao.ProductDaoJdbcImpl" lazy-init="true">	
		</bean>
		
		
		

		</beans>
